Time_h,Tech_rep,Bio_rep,Donor_OD,Recipient_OD,Transconjugant_OD
0,1,1,0.007447194,0.013952728,0.008923345
0.324324324,1,1,0.017583915,0.016985931,0.016242664
0.648648649,1,1,0.028051997,0.018730819,0.024212567
0.972972973,1,1,0.040795725,0.027890314,0.033227152
1.297297297,1,1,0.062186752,0.040585629,0.049987162
1.621621622,1,1,0.092837374,0.069393847,0.073355201
1.945945946,1,1,0.119589414,0.092191264,0.09293767
2.27027027,1,1,0.147549821,0.110492574,0.109968835
2.594594595,1,1,0.162810004,0.128491416,0.11835451
2.918918919,1,1,0.166561767,0.132982225,0.121656201
3.243243243,1,1,0.170217382,0.140711695,0.128284756
3.567567568,1,1,0.17651197,0.145832537,0.130910293
3.891891892,1,1,0.181579209,0.146936774,0.135663021
4.216216216,1,1,0.188567804,0.150380866,0.136682295
4.540540541,1,1,0.194001528,0.148581268,0.138212563
4.864864865,1,1,0.198415506,0.151858589,0.140191793
5.189189189,1,1,0.207224994,0.153909895,0.142977371
5.513513514,1,1,0.213816078,0.155533668,0.146713282
5.837837838,1,1,0.220756161,0.159988047,0.147382902
6.162162162,1,1,0.225822439,0.15860453,0.147398881
6.486486486,1,1,0.2295999,0.164056534,0.150826685
6.810810811,1,1,0.236314649,0.165130175,0.152794485
7.135135135,1,1,0.243294839,0.167728316,0.160267418
7.459459459,1,1,0.252184034,0.169073693,0.160335286
7.783783784,1,1,0.254401658,0.166687898,0.162274689
8.108108108,1,1,0.255838813,0.170104172,0.166216935
8.432432432,1,1,0.262454614,0.170619061,0.169727024
8.756756757,1,1,0.267700278,0.172578407,0.176448036
9.081081081,1,1,0.27233821,0.175548328,0.17795008
9.405405405,1,1,0.27893145,0.174250684,0.179940022
9.72972973,1,1,0.284100891,0.177860668,0.184025738
10.05405405,1,1,0.292861126,0.179183057,0.186870908
10.37837838,1,1,0.302027317,0.181594752,0.192641108
10.7027027,1,1,0.310817002,0.185171515,0.194275018
11.02702703,1,1,0.316519164,0.184896416,0.196709298
11.35135135,1,1,0.321045361,0.188543412,0.200691729
11.67567568,1,1,0.328931642,0.190625138,0.203905005
12,1,1,0.338121141,0.194309172,0.211094975
12.32432432,1,1,0.34372759,0.198588204,0.213368727
12.64864865,1,1,0.350501831,0.197124533,0.215667749
12.97297297,1,1,0.35254319,0.202005782,0.220557147
13.2972973,1,1,0.360942239,0.204874726,0.22426956
13.62162162,1,1,0.367451123,0.209373653,0.230803578
13.94594595,1,1,0.374242145,0.212893078,0.233122372
14.27027027,1,1,0.375922881,0.213870075,0.235209317
14.59459459,1,1,0.378881623,0.218015347,0.240000798
14.91891892,1,1,0.385997023,0.222312925,0.24407407
15.24324324,1,1,0.391324945,0.226250247,0.251031252
15.56756757,1,1,0.3997407,0.230730182,0.253753755
15.89189189,1,1,0.401822915,0.231038882,0.255883566
16.21621622,1,1,0.403863752,0.2358267,0.260570945
16.54054054,1,1,0.409305149,0.240640763,0.264645321
16.86486486,1,1,0.415494063,0.24435013,0.268702331
17.18918919,1,1,0.419620341,0.248650074,0.271632469
17.51351351,1,1,0.424514601,0.247092998,0.274576636
17.83783784,1,1,0.42611105,0.252158668,0.278143908
18.16216216,1,1,0.432079771,0.254347373,0.280148472
18.48648649,1,1,0.436733109,0.256501962,0.28707798
18.81081081,1,1,0.440597392,0.262319378,0.287677133
19.13513514,1,1,0.446311845,0.265095525,0.289151937
19.45945946,1,1,0.44653168,0.267579783,0.29440216
19.78378378,1,1,0.452153807,0.2680302,0.295742041
20.10810811,1,1,0.456496224,0.272667149,0.303003781
20.43243243,1,1,0.459018609,0.278598383,0.303846455
20.75675676,1,1,0.465412278,0.279589816,0.304256918
21.08108108,1,1,0.465922149,0.283121957,0.309006305
21.40540541,1,1,0.471891101,0.288855503,0.31070867
21.72972973,1,1,0.477072983,0.292378182,0.317754142
22.05405405,1,1,0.481486379,0.295587526,0.319385992
22.37837838,1,1,0.483980199,0.291735449,0.31946634
22.7027027,1,1,0.485020789,0.293922,0.322913028
23.02702703,1,1,0.491220185,0.297602245,0.326365454
23.35135135,1,1,0.495371469,0.300810093,0.332443092
23.67567568,1,1,0.501070366,0.305590009,0.333464892
24,1,1,0.502762323,0.308023512,0.333936595
0,2,1,0.017156326,0.021322092,0.00646965
0.324324324,2,1,0.019331499,0.030907305,0.012924067
0.648648649,2,1,0.031984749,0.022453758,0.020516368
0.972972973,2,1,0.045162682,0.033036851,0.031646666
1.297297297,2,1,0.072019213,0.055143329,0.048985038
1.621621622,2,1,0.106610309,0.07686288,0.069009114
1.945945946,2,1,0.131869091,0.099662719,0.091952976
2.27027027,2,1,0.158276485,0.115756464,0.106754389
2.594594595,2,1,0.167219907,0.130285006,0.118811391
2.918918919,2,1,0.174160151,0.138611303,0.125361006
3.243243243,2,1,0.179872613,0.143536948,0.127536729
3.567567568,2,1,0.182315053,0.147418671,0.134082957
3.891891892,2,1,0.18953133,0.15010569,0.137902735
4.216216216,2,1,0.195713641,0.152725905,0.140284667
4.540540541,2,1,0.203013218,0.157358572,0.143793002
4.864864865,2,1,0.212864818,0.156652373,0.142480433
5.189189189,2,1,0.218672305,0.156803545,0.144731352
5.513513514,2,1,0.229591425,0.159928407,0.146758155
5.837837838,2,1,0.239933336,0.16261131,0.149462662
6.162162162,2,1,0.246670001,0.170322656,0.151915117
6.486486486,2,1,0.256559428,0.170117583,0.150865548
6.810810811,2,1,0.263483396,0.171160815,0.15575047
7.135135135,2,1,0.274046766,0.174722689,0.159473936
7.459459459,2,1,0.283642494,0.175718421,0.163815864
7.783783784,2,1,0.294584226,0.17925792,0.167322582
8.108108108,2,1,0.306292714,0.177782745,0.166795359
8.432432432,2,1,0.317072246,0.176784489,0.172943855
8.756756757,2,1,0.329418613,0.180009179,0.177747581
9.081081081,2,1,0.33853829,0.181644796,0.18291126
9.405405405,2,1,0.34927023,0.186186333,0.185686837
9.72972973,2,1,0.357470827,0.185131128,0.186864264
10.05405405,2,1,0.361404857,0.184650028,0.191556305
10.37837838,2,1,0.370893866,0.187479674,0.195050381
10.7027027,2,1,0.378365682,0.188831242,0.201264908
11.02702703,2,1,0.385146862,0.193546091,0.204189334
11.35135135,2,1,0.393975673,0.193304348,0.204808108
11.67567568,2,1,0.396449283,0.192361903,0.208337795
12,2,1,0.405943008,0.195855118,0.212563465
12.32432432,2,1,0.411230248,0.197610882,0.215997097
12.64864865,2,1,0.419000396,0.202915357,0.220242331
12.97297297,2,1,0.42498543,0.202888632,0.221220546
13.2972973,2,1,0.431107028,0.204043843,0.225751498
13.62162162,2,1,0.438350301,0.207243055,0.230024092
13.94594595,2,1,0.443746819,0.208684798,0.234833509
14.27027027,2,1,0.448513843,0.213871146,0.236681879
14.59459459,2,1,0.457014331,0.215805171,0.237912591
14.91891892,2,1,0.461813296,0.218705745,0.243169089
15.24324324,2,1,0.467671648,0.224020525,0.246664594
15.56756757,2,1,0.476456982,0.22942499,0.250543703
15.89189189,2,1,0.482152881,0.234003208,0.25498097
16.21621622,2,1,0.489120696,0.238402615,0.254715147
16.54054054,2,1,0.493199329,0.241579685,0.259737567
16.86486486,2,1,0.498288072,0.246889494,0.263470182
17.18918919,2,1,0.504603,0.251430416,0.26713227
17.51351351,2,1,0.511449337,0.258064995,0.270132512
17.83783784,2,1,0.518295455,0.261535117,0.270381236
18.16216216,2,1,0.523521275,0.262884849,0.274632547
18.48648649,2,1,0.527162368,0.269559455,0.278389771
18.81081081,2,1,0.532051831,0.274141297,0.280890171
19.13513514,2,1,0.53878765,0.279532694,0.283870338
19.45945946,2,1,0.546345366,0.283506521,0.285311778
19.78378378,2,1,0.548251832,0.283942909,0.288158387
20.10810811,2,1,0.552364539,0.29172267,0.291404327
20.43243243,2,1,0.557737837,0.295908321,0.295047356
20.75675676,2,1,0.56235476,0.300399728,0.297891321
21.08108108,2,1,0.570331919,0.304084281,0.298993581
21.40540541,2,1,0.575027095,0.304567057,0.301366908
21.72972973,2,1,0.576628319,0.311611531,0.304147584
22.05405405,2,1,0.582840355,0.315019321,0.307462186
22.37837838,2,1,0.585780863,0.320346513,0.309423816
22.7027027,2,1,0.590000858,0.322529431,0.310177335
23.02702703,2,1,0.598323473,0.324718447,0.313350274
23.35135135,2,1,0.59890058,0.330027724,0.316185696
23.67567568,2,1,0.603939995,0.334041108,0.318798565
24,2,1,0.60762208,0.340596128,0.32060947
0,3,1,0.027370644,0.018389055,0.023552101
0.324324324,3,1,0.035397997,0.025061073,0.038314845
0.648648649,3,1,0.031197029,0.028602271,0.027409846
0.972972973,3,1,0.053379514,0.042502095,0.040947833
1.297297297,3,1,0.079228751,0.066361359,0.062921293
1.621621622,3,1,0.105066836,0.093043786,0.091198468
1.945945946,3,1,0.129965502,0.114836637,0.108212932
2.27027027,3,1,0.148384702,0.124805392,0.121383756
2.594594595,3,1,0.151479985,0.138416354,0.132497407
2.918918919,3,1,0.156509303,0.143353734,0.139152302
3.243243243,3,1,0.159311351,0.147704944,0.14464469
3.567567568,3,1,0.164495464,0.15174022,0.145911158
3.891891892,3,1,0.169209746,0.150689221,0.146414979
4.216216216,3,1,0.178054941,0.155394592,0.151347713
4.540540541,3,1,0.190823001,0.156514419,0.149832533
4.864864865,3,1,0.203254906,0.158628306,0.154728318
5.189189189,3,1,0.21637299,0.161041269,0.155102031
5.513513514,3,1,0.224761975,0.160633214,0.155382303
5.837837838,3,1,0.230318246,0.164143735,0.157558825
6.162162162,3,1,0.238695787,0.168583867,0.159695375
6.486486486,3,1,0.2449346,0.16975887,0.163565566
6.810810811,3,1,0.254306683,0.172344578,0.163891495
7.135135135,3,1,0.260283179,0.171648418,0.165730768
7.459459459,3,1,0.264310437,0.173971628,0.169014889
7.783783784,3,1,0.273179691,0.174736312,0.171679904
8.108108108,3,1,0.282032929,0.174929278,0.177304552
8.432432432,3,1,0.294909712,0.178148157,0.178151114
8.756756757,3,1,0.30435664,0.177006472,0.179908325
9.081081081,3,1,0.310684557,0.179846887,0.182684337
9.405405405,3,1,0.321204345,0.180786655,0.184765582
9.72972973,3,1,0.328595438,0.183256523,0.19052551
10.05405405,3,1,0.339826529,0.184953163,0.191309457
10.37837838,3,1,0.344774508,0.184454778,0.192356027
10.7027027,3,1,0.3501473,0.186863824,0.195715928
11.02702703,3,1,0.358779461,0.188572973,0.198528276
11.35135135,3,1,0.366166116,0.191295087,0.205001762
11.67567568,3,1,0.371947669,0.194644061,0.20484562
12,3,1,0.379788972,0.193876352,0.207467962
12.32432432,3,1,0.383241418,0.196001248,0.210838967
12.64864865,3,1,0.39164029,0.197837603,0.213791406
12.97297297,3,1,0.396844058,0.200249598,0.220231257
13.2972973,3,1,0.408211142,0.203301271,0.220237229
13.62162162,3,1,0.412476314,0.204308618,0.22293343
13.94594595,3,1,0.415949712,0.207530525,0.227297299
14.27027027,3,1,0.42244307,0.210157341,0.22999484
14.59459459,3,1,0.429696918,0.213738881,0.235737539
14.91891892,3,1,0.43858527,0.220140248,0.237985334
15.24324324,3,1,0.442482294,0.22405555,0.240978132
15.56756757,3,1,0.446921956,0.233154506,0.243965816
15.89189189,3,1,0.455120174,0.237996438,0.246672933
16.21621622,3,1,0.460726959,0.243411642,0.25387512
16.54054054,3,1,0.4669994,0.250601002,0.25436509
16.86486486,3,1,0.472695225,0.254061678,0.256781342
17.18918919,3,1,0.47507865,0.25954945,0.26180553
17.51351351,3,1,0.48378864,0.264734154,0.263059037
17.83783784,3,1,0.488017462,0.27111848,0.271516259
18.16216216,3,1,0.494728442,0.27816956,0.270474605
18.48648649,3,1,0.49997106,0.282543035,0.272321481
18.81081081,3,1,0.501111971,0.288877772,0.276568266
19.13513514,3,1,0.509809729,0.293974437,0.277877649
19.45945946,3,1,0.514847446,0.29978411,0.284452873
19.78378378,3,1,0.521906842,0.30520123,0.284743909
20.10810811,3,1,0.524510949,0.309450371,0.285064575
20.43243243,3,1,0.525840201,0.315428221,0.289546977
20.75675676,3,1,0.53373254,0.319484554,0.290727703
21.08108108,3,1,0.538807334,0.324574101,0.294284779
21.40540541,3,1,0.542531558,0.33052094,0.296129987
21.72972973,3,1,0.548225613,0.33309639,0.297112762
22.05405405,3,1,0.551190675,0.33917122,0.300526869
22.37837838,3,1,0.555839992,0.342911028,0.302631756
22.7027027,3,1,0.560165542,0.347764608,0.309191332
23.02702703,3,1,0.564633314,0.352501255,0.307848943
23.35135135,3,1,0.570959117,0.356199251,0.31030363
23.67567568,3,1,0.572921599,0.361484229,0.312683944
24,3,1,0.57782999,0.364746929,0.31473869
0,4,1,0.015584583,0.017231475,0.006717665
0.324324324,4,1,0.017103011,0.01499022,0.010053093
0.648648649,4,1,0.023663683,0.023711984,0.010842408
0.972972973,4,1,0.040680245,0.032786768,0.013208539
1.297297297,4,1,0.056467861,0.047926094,0.026388971
1.621621622,4,1,0.08538362,0.071640059,0.043020935
1.945945946,4,1,0.108782541,0.092107243,0.06229166
2.27027027,4,1,0.130265279,0.108017543,0.083287098
2.594594595,4,1,0.139669811,0.120196967,0.093983233
2.918918919,4,1,0.138099728,0.12292378,0.10704644
3.243243243,4,1,0.140532905,0.128396237,0.111805864
3.567567568,4,1,0.142604041,0.131924549,0.116236942
3.891891892,4,1,0.146295147,0.137607682,0.11820852
4.216216216,4,1,0.150783612,0.137073425,0.11637425
4.540540541,4,1,0.152716394,0.13776361,0.121902841
4.864864865,4,1,0.156681435,0.140197208,0.123020346
5.189189189,4,1,0.160577508,0.142027339,0.127101098
5.513513514,4,1,0.162597774,0.146370022,0.128859702
5.837837838,4,1,0.165985791,0.14802424,0.126802237
6.162162162,4,1,0.16604087,0.149360661,0.131774872
6.486486486,4,1,0.169739541,0.151724184,0.134735744
6.810810811,4,1,0.17272204,0.153182307,0.137975581
7.135135135,4,1,0.176523828,0.158248354,0.142464091
7.459459459,4,1,0.180351811,0.156569411,0.14098478
7.783783784,4,1,0.179120657,0.155480159,0.145808121
8.108108108,4,1,0.184807384,0.157679698,0.14854983
8.432432432,4,1,0.190843986,0.159094232,0.149863543
8.756756757,4,1,0.197197325,0.163580198,0.154487624
9.081081081,4,1,0.202349611,0.162293205,0.153197257
9.405405405,4,1,0.204050186,0.162448027,0.157928728
9.72972973,4,1,0.212866271,0.165047509,0.161415086
10.05405405,4,1,0.217622655,0.165953487,0.166182499
10.37837838,4,1,0.220522313,0.170866963,0.166748359
10.7027027,4,1,0.225968597,0.169800101,0.166607353
11.02702703,4,1,0.232117137,0.169443566,0.171221459
11.35135135,4,1,0.236827871,0.172719119,0.174241029
11.67567568,4,1,0.244999173,0.174123182,0.177109289
12,4,1,0.252326652,0.179247619,0.181533418
12.32432432,4,1,0.259760135,0.179984404,0.181093289
12.64864865,4,1,0.263507981,0.18033611,0.186458128
12.97297297,4,1,0.270619711,0.183614235,0.190017048
13.2972973,4,1,0.273494032,0.186281999,0.19331002
13.62162162,4,1,0.281408676,0.193246059,0.197767701
13.94594595,4,1,0.29026924,0.193454085,0.197435321
14.27027027,4,1,0.296399634,0.193822767,0.202819493
14.59459459,4,1,0.303449114,0.197707914,0.206421215
14.91891892,4,1,0.316064343,0.201620488,0.210863448
15.24324324,4,1,0.324999158,0.208649994,0.214870237
15.56756757,4,1,0.333108733,0.209138749,0.214872761
15.89189189,4,1,0.342800123,0.209692808,0.219499166
16.21621622,4,1,0.35148612,0.214708931,0.223311441
16.54054054,4,1,0.356534304,0.218777175,0.226834907
16.86486486,4,1,0.366177903,0.225201755,0.231111005
17.18918919,4,1,0.375854828,0.226690798,0.231060365
17.51351351,4,1,0.385548033,0.226545453,0.235942701
17.83783784,4,1,0.399750437,0.232185291,0.240025246
18.16216216,4,1,0.411296645,0.234472072,0.242577123
18.48648649,4,1,0.423534926,0.240966391,0.246183999
18.81081081,4,1,0.439547886,0.242391379,0.246592195
19.13513514,4,1,0.44980402,0.242140917,0.250556549
19.45945946,4,1,0.453563101,0.246961441,0.253878453
19.78378378,4,1,0.463117161,0.250267665,0.255929599
20.10810811,4,1,0.481930327,0.256622461,0.260242531
20.43243243,4,1,0.500457877,0.258945055,0.261436892
20.75675676,4,1,0.517107071,0.259121881,0.263954233
21.08108108,4,1,0.531312842,0.265145755,0.267520676
21.40540541,4,1,0.547769887,0.268858442,0.270346886
21.72972973,4,1,0.559016631,0.275002076,0.274213676
22.05405405,4,1,0.561708387,0.277617151,0.274656425
22.37837838,4,1,0.549836897,0.278144906,0.2782641
22.7027027,4,1,0.544934667,0.284244118,0.281405816
23.02702703,4,1,0.55668987,0.287260862,0.284670706
23.35135135,4,1,0.570268649,0.293549673,0.28785791
23.67567568,4,1,0.581009014,0.295567349,0.287253025
24,4,1,0.586829653,0.296623018,0.291728771
0,5,1,0.013692416,0.008725654,0.007654329
0.324324324,5,1,0.013893401,0.013861641,0.010646966
0.648648649,5,1,0.022259079,0.018923922,0.015235053
0.972972973,5,1,0.037008107,0.028763034,0.027137505
1.297297297,5,1,0.059486523,0.044225154,0.039337214
1.621621622,5,1,0.08441261,0.063930826,0.060713505
1.945945946,5,1,0.105655982,0.086682003,0.083623682
2.27027027,5,1,0.13011981,0.105544875,0.10428556
2.594594595,5,1,0.139056558,0.119922593,0.123371287
2.918918919,5,1,0.14286289,0.128853964,0.132243133
3.243243243,5,1,0.143661507,0.130214695,0.137023502
3.567567568,5,1,0.143345972,0.134541401,0.140381308
3.891891892,5,1,0.146355516,0.137092492,0.143714433
4.216216216,5,1,0.148563005,0.139193616,0.148427868
4.540540541,5,1,0.155142889,0.141336624,0.147350113
4.864864865,5,1,0.154365416,0.140306435,0.148456317
5.189189189,5,1,0.15430691,0.143981379,0.151591913
5.513513514,5,1,0.157143071,0.146868067,0.15376637
5.837837838,5,1,0.15819658,0.150682241,0.158117632
6.162162162,5,1,0.161122224,0.155590467,0.158089758
6.486486486,5,1,0.16116734,0.153143215,0.160974083
6.810810811,5,1,0.160685661,0.156483011,0.164141429
7.135135135,5,1,0.164395892,0.158681901,0.167647623
7.459459459,5,1,0.165897199,0.159952789,0.173387026
7.783783784,5,1,0.17018004,0.161534487,0.173208342
8.108108108,5,1,0.170481554,0.159782741,0.175257042
8.432432432,5,1,0.170167009,0.163244932,0.178192504
8.756756757,5,1,0.174714499,0.165366326,0.181487097
9.081081081,5,1,0.176432104,0.167981943,0.18545432
9.405405405,5,1,0.178421214,0.169579532,0.186133146
9.72972973,5,1,0.183061447,0.168471881,0.189430556
10.05405405,5,1,0.182926288,0.172258307,0.192032113
10.37837838,5,1,0.183719794,0.174356565,0.194197079
10.7027027,5,1,0.186899004,0.176981359,0.199196016
11.02702703,5,1,0.189910386,0.180092078,0.200877916
11.35135135,5,1,0.194877764,0.180135311,0.203943476
11.67567568,5,1,0.195349315,0.183137828,0.207043775
12,5,1,0.199238302,0.186817493,0.210736317
12.32432432,5,1,0.204864063,0.189898816,0.216852009
12.64864865,5,1,0.205653565,0.193517413,0.217519859
12.97297297,5,1,0.212986135,0.193421597,0.220511508
13.2972973,5,1,0.209780177,0.196872294,0.223635051
13.62162162,5,1,0.217246347,0.200936092,0.228068224
13.94594595,5,1,0.224540346,0.204508534,0.234094698
14.27027027,5,1,0.23129706,0.207550166,0.235999621
14.59459459,5,1,0.234305502,0.208055521,0.238437951
14.91891892,5,1,0.237189997,0.213841752,0.242820202
15.24324324,5,1,0.244419609,0.21792882,0.246790298
15.56756757,5,1,0.244270738,0.221614198,0.250970885
15.89189189,5,1,0.252439997,0.225053768,0.252648349
16.21621622,5,1,0.255877413,0.227568068,0.254723379
16.54054054,5,1,0.259399907,0.232197964,0.259076761
16.86486486,5,1,0.268847898,0.236441418,0.263083293
17.18918919,5,1,0.2743222,0.239667992,0.268376914
17.51351351,5,1,0.276222679,0.24225993,0.267438272
17.83783784,5,1,0.288457906,0.244360017,0.270729596
18.16216216,5,1,0.290264854,0.248090867,0.273524206
18.48648649,5,1,0.298868762,0.252034417,0.277043397
18.81081081,5,1,0.308625436,0.255869762,0.282254876
19.13513514,5,1,0.311396312,0.25913017,0.282235039
19.45945946,5,1,0.318222807,0.262342271,0.283775261
19.78378378,5,1,0.329322941,0.264958842,0.28744112
20.10810811,5,1,0.34204722,0.269476779,0.29071985
20.43243243,5,1,0.354459445,0.273732505,0.295928964
20.75675676,5,1,0.357108125,0.277989146,0.295499335
21.08108108,5,1,0.366099559,0.280430983,0.296572633
21.40540541,5,1,0.373239679,0.28389334,0.300628333
21.72972973,5,1,0.379245278,0.287070194,0.302953824
22.05405405,5,1,0.388052126,0.291173055,0.307752415
22.37837838,5,1,0.400361467,0.294796005,0.307811176
22.7027027,5,1,0.413639998,0.297624084,0.309683387
23.02702703,5,1,0.41344245,0.301306355,0.31238243
23.35135135,5,1,0.418653296,0.305505172,0.315312338
23.67567568,5,1,0.421731407,0.309161763,0.320430932
24,5,1,0.436024141,0.313112707,0.32009087
0,6,1,0.014344167,0.016808074,0.00723081
0.324324324,6,1,0.014413385,0.015605814,0.00533509
0.648648649,6,1,0.020950877,0.019220226,0.012873634
0.972972973,6,1,0.036666896,0.029688554,0.021380328
1.297297297,6,1,0.056692734,0.044930636,0.036339803
1.621621622,6,1,0.085674073,0.069290349,0.059156797
1.945945946,6,1,0.109573176,0.087268778,0.079253807
2.27027027,6,1,0.131284043,0.101729114,0.105281731
2.594594595,6,1,0.139078124,0.115603697,0.124099917
2.918918919,6,1,0.141342076,0.120824713,0.13660801
3.243243243,6,1,0.144130973,0.128438379,0.144800565
3.567567568,6,1,0.147917136,0.129361213,0.144281321
3.891891892,6,1,0.147434437,0.130787056,0.150943376
4.216216216,6,1,0.152420602,0.133440648,0.153003555
4.540540541,6,1,0.156181898,0.135693666,0.155490507
4.864864865,6,1,0.158808212,0.139899456,0.15926066
5.189189189,6,1,0.162163916,0.140452169,0.159057198
5.513513514,6,1,0.161480306,0.142405182,0.16298453
5.837837838,6,1,0.163777973,0.147819533,0.165708362
6.162162162,6,1,0.165711477,0.149462072,0.168542438
6.486486486,6,1,0.167368585,0.153441913,0.173893773
6.810810811,6,1,0.1706268,0.152370787,0.174462799
7.135135135,6,1,0.170871626,0.152656841,0.179594423
7.459459459,6,1,0.173302325,0.154430589,0.182409728
7.783783784,6,1,0.174410949,0.155563386,0.185716634
8.108108108,6,1,0.177592782,0.16061849,0.188979565
8.432432432,6,1,0.181847419,0.159674647,0.188012172
8.756756757,6,1,0.181977545,0.160012833,0.193900223
9.081081081,6,1,0.184870906,0.162106218,0.196951841
9.405405405,6,1,0.185372189,0.163272631,0.201286788
9.72972973,6,1,0.189819489,0.169090047,0.204278658
10.05405405,6,1,0.193900729,0.168082483,0.204467215
10.37837838,6,1,0.190537949,0.168114967,0.208458575
10.7027027,6,1,0.194112487,0.170971965,0.212329671
11.02702703,6,1,0.19649441,0.172921947,0.215580907
11.35135135,6,1,0.201635089,0.178086523,0.221306573
11.67567568,6,1,0.205964857,0.178492626,0.220668394
12,6,1,0.207264833,0.179671032,0.227229427
12.32432432,6,1,0.210780582,0.183280729,0.231516549
12.64864865,6,1,0.211477007,0.185265271,0.234823621
12.97297297,6,1,0.216652818,0.18989754,0.240336613
13.2972973,6,1,0.217015671,0.191035611,0.239492999
13.62162162,6,1,0.220986348,0.193024927,0.247073939
13.94594595,6,1,0.226392876,0.197376644,0.252096169
14.27027027,6,1,0.230368412,0.199773566,0.256966262
14.59459459,6,1,0.23445478,0.203700857,0.261455613
14.91891892,6,1,0.241866483,0.207391897,0.262230878
15.24324324,6,1,0.245054434,0.208962811,0.269606579
15.56756757,6,1,0.243128953,0.213149718,0.273550967
15.89189189,6,1,0.247613956,0.2158696,0.277293733
16.21621622,6,1,0.252927782,0.222749507,0.282737442
16.54054054,6,1,0.260248122,0.223897552,0.284565768
16.86486486,6,1,0.266131425,0.225499213,0.291583276
17.18918919,6,1,0.270529542,0.229538706,0.295661732
17.51351351,6,1,0.27057769,0.231402045,0.299125592
17.83783784,6,1,0.282808352,0.239624651,0.304911157
18.16216216,6,1,0.287803714,0.239090342,0.30509278
18.48648649,6,1,0.294990031,0.240423849,0.311614887
18.81081081,6,1,0.301269053,0.245605181,0.316296708
19.13513514,6,1,0.301484226,0.247945348,0.319253097
19.45945946,6,1,0.309485655,0.254977413,0.324246508
19.78378378,6,1,0.3223708,0.254982176,0.325391842
20.10810811,6,1,0.333042205,0.255869315,0.33169255
20.43243243,6,1,0.340048402,0.261657413,0.335750954
20.75675676,6,1,0.343519977,0.263535279,0.338336385
21.08108108,6,1,0.352921252,0.26755819,0.342782323
21.40540541,6,1,0.367932271,0.272574468,0.34562286
21.72972973,6,1,0.369996466,0.272758715,0.348863347
22.05405405,6,1,0.375447095,0.278338816,0.352380268
22.37837838,6,1,0.383255443,0.281362157,0.355417809
22.7027027,6,1,0.394733664,0.287231575,0.359387344
23.02702703,6,1,0.401261752,0.289950709,0.360746509
23.35135135,6,1,0.409701041,0.293253037,0.365219546
23.67567568,6,1,0.416085441,0.297820815,0.36829822
24,6,1,0.422053059,0.301075369,0.3704112
0,1,2,0.015722777,0.010812979,0.00905139
0.324324324,1,2,0.016502969,0.019034617,0.010680505
0.648648649,1,2,0.015893326,0.02782623,0.013102532
0.972972973,1,2,0.019650256,0.039133906,0.019577151
1.297297297,1,2,0.035520424,0.060323895,0.029408474
1.621621622,1,2,0.055445535,0.085591294,0.049031112
1.945945946,1,2,0.086182074,0.113232486,0.067135807
2.27027027,1,2,0.112926715,0.122588011,0.083536452
2.594594595,1,2,0.132048012,0.137706321,0.10125669
2.918918919,1,2,0.140716074,0.142300013,0.111273913
3.243243243,1,2,0.144338573,0.147225184,0.119107824
3.567567568,1,2,0.147837233,0.151820844,0.122506002
3.891891892,1,2,0.148424122,0.151977238,0.124604921
4.216216216,1,2,0.147540868,0.154703966,0.12741158
4.540540541,1,2,0.152829732,0.156720616,0.129138363
4.864864865,1,2,0.156477106,0.159744735,0.135134423
5.189189189,1,2,0.159061911,0.16329804,0.134346012
5.513513514,1,2,0.163629571,0.164142101,0.135089457
5.837837838,1,2,0.162286686,0.167729032,0.138448324
6.162162162,1,2,0.166450087,0.172950288,0.141336242
6.486486486,1,2,0.168170948,0.175268796,0.146667289
6.810810811,1,2,0.170112789,0.178831158,0.149221838
7.135135135,1,2,0.173418331,0.179286483,0.151005439
7.459459459,1,2,0.1728071,0.181060815,0.154409151
7.783783784,1,2,0.180622049,0.182833124,0.157030418
8.108108108,1,2,0.182108352,0.184840403,0.161813452
8.432432432,1,2,0.18458418,0.188642674,0.162663532
8.756756757,1,2,0.189538961,0.189836243,0.16421862
9.081081081,1,2,0.188474956,0.190726425,0.168194573
9.405405405,1,2,0.197076097,0.193185197,0.170790563
9.72972973,1,2,0.199641234,0.196300515,0.177691587
10.05405405,1,2,0.205806025,0.1986062,0.17777507
10.37837838,1,2,0.213227273,0.200190155,0.178723846
10.7027027,1,2,0.214681862,0.203230969,0.183569557
11.02702703,1,2,0.222729561,0.206121946,0.186791112
11.35135135,1,2,0.227298326,0.209919043,0.194287958
11.67567568,1,2,0.233907243,0.213652287,0.195117521
12,1,2,0.243679723,0.217128113,0.197828527
12.32432432,1,2,0.243498944,0.219749689,0.203285793
12.64864865,1,2,0.257856197,0.22385488,0.206431277
12.97297297,1,2,0.263811328,0.227297882,0.211389318
13.2972973,1,2,0.278939887,0.232377912,0.215971853
13.62162162,1,2,0.287952333,0.236986623,0.218550661
13.94594595,1,2,0.290774367,0.2402315,0.223794759
14.27027027,1,2,0.307094428,0.2427473,0.226985774
14.59459459,1,2,0.319632078,0.248161124,0.23370218
14.91891892,1,2,0.331727191,0.254170606,0.236788363
15.24324324,1,2,0.342550734,0.258775426,0.238358239
15.56756757,1,2,0.362479003,0.261145079,0.245162661
15.89189189,1,2,0.376922583,0.265053976,0.249058352
16.21621622,1,2,0.39261437,0.268995885,0.255811385
16.54054054,1,2,0.414648363,0.275275879,0.258173939
16.86486486,1,2,0.444528662,0.277682341,0.260247869
17.18918919,1,2,0.463773521,0.280977382,0.266995674
17.51351351,1,2,0.471053593,0.284279461,0.271617402
17.83783784,1,2,0.472017468,0.287882026,0.277394651
18.16216216,1,2,0.474663643,0.293996436,0.280222077
18.48648649,1,2,0.479800454,0.296119261,0.282596894
18.81081081,1,2,0.482457499,0.298310641,0.288985814
19.13513514,1,2,0.489892893,0.301583755,0.293165675
19.45945946,1,2,0.496241891,0.306032813,0.297376981
19.78378378,1,2,0.499468118,0.311606802,0.300653093
20.10810811,1,2,0.505874644,0.313548972,0.301503436
20.43243243,1,2,0.509797993,0.315602336,0.308803245
20.75675676,1,2,0.51667917,0.319638808,0.312208473
21.08108108,1,2,0.522273644,0.324023847,0.316725872
21.40540541,1,2,0.525715635,0.329285834,0.320865679
21.72972973,1,2,0.532644939,0.333813281,0.321028023
22.05405405,1,2,0.536766529,0.335946704,0.328207439
22.37837838,1,2,0.540016314,0.338299652,0.331087993
22.7027027,1,2,0.545109003,0.341949979,0.335803901
23.02702703,1,2,0.550210501,0.348778128,0.33846186
23.35135135,1,2,0.555175973,0.349801935,0.340163967
23.67567568,1,2,0.55620106,0.353903931,0.345414803
24,1,2,0.562354568,0.356601562,0.34845577
0,2,2,0.013942556,0.015066916,0.010497357
0.324324324,2,2,0.019189189,0.016935569,0.015415212
0.648648649,2,2,0.021918086,0.025547278,0.021159376
0.972972973,2,2,0.03397224,0.034772374,0.027088846
1.297297297,2,2,0.049055287,0.050988663,0.044098521
1.621621622,2,2,0.074080825,0.077411595,0.067404121
1.945945946,2,2,0.101953911,0.100296943,0.092005469
2.27027027,2,2,0.127965532,0.116962298,0.116818652
2.594594595,2,2,0.151725083,0.127932271,0.134312096
2.918918919,2,2,0.151463353,0.129772378,0.1436749
3.243243243,2,2,0.154717494,0.134928541,0.156093644
3.567567568,2,2,0.156522856,0.139230975,0.162950422
3.891891892,2,2,0.158037133,0.143678976,0.168508389
4.216216216,2,2,0.162090572,0.145112288,0.165920514
4.540540541,2,2,0.161238324,0.14444322,0.170992306
4.864864865,2,2,0.164094397,0.148037037,0.173593815
5.189189189,2,2,0.166680874,0.14993004,0.176266017
5.513513514,2,2,0.16843751,0.154949991,0.179214639
5.837837838,2,2,0.172473365,0.156454599,0.178500507
6.162162162,2,2,0.171435615,0.156520042,0.181776355
6.486486486,2,2,0.171652465,0.159466034,0.184986791
6.810810811,2,2,0.174087727,0.162053844,0.18859039
7.135135135,2,2,0.179412791,0.166738937,0.192762689
7.459459459,2,2,0.183394028,0.165629313,0.192953074
7.783783784,2,2,0.185859007,0.16319696,0.196030161
8.108108108,2,2,0.186356967,0.167535099,0.200217618
8.432432432,2,2,0.192205771,0.169166809,0.202670187
8.756756757,2,2,0.198263441,0.172340307,0.206401102
9.081081081,2,2,0.204363609,0.172792956,0.207118985
9.405405405,2,2,0.209323226,0.171964185,0.208501552
9.72972973,2,2,0.211028547,0.175278562,0.213130657
10.05405405,2,2,0.216747404,0.177018734,0.21459375
10.37837838,2,2,0.224253546,0.179157075,0.218630261
10.7027027,2,2,0.231647568,0.181227746,0.218031683
11.02702703,2,2,0.239812433,0.178969095,0.221799145
11.35135135,2,2,0.24955291,0.18447378,0.226030479
11.67567568,2,2,0.262139168,0.185942762,0.229000841
12,2,2,0.278591468,0.188146604,0.233925353
12.32432432,2,2,0.291906981,0.190349232,0.233830756
12.64864865,2,2,0.303718825,0.188731502,0.236560959
12.97297297,2,2,0.308085783,0.193592119,0.240715515
13.2972973,2,2,0.320777829,0.195416784,0.241916724
13.62162162,2,2,0.335567421,0.201308718,0.247536861
13.94594595,2,2,0.352718209,0.202477024,0.249153397
14.27027027,2,2,0.371936689,0.20049878,0.253681768
14.59459459,2,2,0.39777817,0.206707565,0.25684398
14.91891892,2,2,0.421474009,0.209475096,0.262252401
15.24324324,2,2,0.428489134,0.215170409,0.266248673
15.56756757,2,2,0.435491544,0.216952492,0.267109696
15.89189189,2,2,0.436161698,0.215052817,0.269922939
16.21621622,2,2,0.43815472,0.221108322,0.274150109
16.54054054,2,2,0.442093186,0.224748252,0.278629493
16.86486486,2,2,0.445936389,0.229277379,0.284048522
17.18918919,2,2,0.453917231,0.229944701,0.285381979
17.51351351,2,2,0.459430962,0.229075636,0.287434367
17.83783784,2,2,0.463765446,0.234910064,0.29265667
18.16216216,2,2,0.471512466,0.236589408,0.295558836
18.48648649,2,2,0.476910495,0.240263605,0.302145181
18.81081081,2,2,0.483574352,0.242924983,0.305154601
19.13513514,2,2,0.488136455,0.240935289,0.304878422
19.45945946,2,2,0.493639409,0.246827587,0.308987475
19.78378378,2,2,0.496849116,0.249368519,0.312272464
20.10810811,2,2,0.501901432,0.254756722,0.317685263
20.43243243,2,2,0.508122825,0.256762069,0.322309352
20.75675676,2,2,0.51326466,0.255936217,0.321039155
21.08108108,2,2,0.517498597,0.260864503,0.325358625
21.40540541,2,2,0.521344864,0.264883945,0.329160285
21.72972973,2,2,0.527640708,0.268351316,0.333016183
22.05405405,2,2,0.534814449,0.274356794,0.33421444
22.37837838,2,2,0.536642166,0.274266678,0.336948618
22.7027027,2,2,0.53966211,0.28264772,0.340571077
23.02702703,2,2,0.545862784,0.286730202,0.343280721
23.35135135,2,2,0.550782497,0.292100519,0.34753993
23.67567568,2,2,0.557666044,0.293723618,0.348391712
24,2,2,0.560561822,0.291842801,0.35120306
0,3,2,0.009956822,0.01052763,0.011030482
0.324324324,3,2,0.007601088,0.013353115,0.011082498
0.648648649,3,2,0.011483317,0.020460887,0.01437579
0.972972973,3,2,0.018882935,0.031501994,0.023561791
1.297297297,3,2,0.031818465,0.048498729,0.030456117
1.621621622,3,2,0.047568875,0.07136192,0.044809765
1.945945946,3,2,0.070046024,0.095048771,0.067189961
2.27027027,3,2,0.098016168,0.113183512,0.087008196
2.594594595,3,2,0.124955012,0.129019672,0.105762348
2.918918919,3,2,0.138964091,0.136781765,0.115688842
3.243243243,3,2,0.140127738,0.138195543,0.120712597
3.567567568,3,2,0.138216598,0.142588616,0.123935161
3.891891892,3,2,0.142587568,0.145969661,0.126894006
4.216216216,3,2,0.144190155,0.148684388,0.132108948
4.540540541,3,2,0.146882454,0.151678221,0.131440718
4.864864865,3,2,0.15054125,0.151229508,0.131697306
5.189189189,3,2,0.146699456,0.154175464,0.135302574
5.513513514,3,2,0.150996106,0.156813027,0.137562482
5.837837838,3,2,0.152095214,0.160687044,0.142238894
6.162162162,3,2,0.154167667,0.163875671,0.142688505
6.486486486,3,2,0.154445591,0.163208414,0.143606208
6.810810811,3,2,0.152889316,0.164936069,0.148369826
7.135135135,3,2,0.159144138,0.167618808,0.152015169
7.459459459,3,2,0.159369774,0.168768194,0.158023722
7.783783784,3,2,0.160836248,0.172375396,0.157819378
8.108108108,3,2,0.163342027,0.171583641,0.158072773
8.432432432,3,2,0.162426819,0.171719699,0.161822785
8.756756757,3,2,0.168387545,0.173771842,0.164560132
9.081081081,3,2,0.170138083,0.174931144,0.170229927
9.405405405,3,2,0.174522201,0.17689493,0.169911939
9.72972973,3,2,0.176179672,0.178387993,0.171040816
10.05405405,3,2,0.1734428,0.179396428,0.174037724
10.37837838,3,2,0.17821124,0.181130321,0.176786027
10.7027027,3,2,0.180503093,0.183609459,0.182686662
11.02702703,3,2,0.186544906,0.184916433,0.18225029
11.35135135,3,2,0.189383952,0.186510853,0.183133632
11.67567568,3,2,0.189561904,0.187887705,0.186593796
12,3,2,0.196722067,0.190872819,0.189959819
12.32432432,3,2,0.201383827,0.1926735,0.195974574
12.64864865,3,2,0.206092696,0.195430029,0.19545772
12.97297297,3,2,0.208502699,0.197144348,0.195813987
13.2972973,3,2,0.208923986,0.198136454,0.200115341
13.62162162,3,2,0.218289268,0.202021648,0.203821641
13.94594595,3,2,0.223316987,0.205132628,0.209418627
14.27027027,3,2,0.230191592,0.208122551,0.208851268
14.59459459,3,2,0.235528172,0.209612238,0.209834931
14.91891892,3,2,0.237981941,0.212652885,0.214126366
15.24324324,3,2,0.246699188,0.216100114,0.217742151
15.56756757,3,2,0.255341254,0.21883237,0.222228511
15.89189189,3,2,0.262358962,0.223489816,0.223880824
16.21621622,3,2,0.27090691,0.225001621,0.223391308
16.54054054,3,2,0.280105349,0.226804035,0.22927413
16.86486486,3,2,0.294936829,0.231238937,0.231942681
17.18918919,3,2,0.304034652,0.234585035,0.237616369
17.51351351,3,2,0.310854998,0.237477794,0.23863382
17.83783784,3,2,0.316599612,0.241367035,0.239518039
18.16216216,3,2,0.323018889,0.241287399,0.24326983
18.48648649,3,2,0.334795667,0.244945202,0.246879133
18.81081081,3,2,0.342575307,0.248042805,0.25212254
19.13513514,3,2,0.353315404,0.250998136,0.252784208
19.45945946,3,2,0.364655928,0.254128293,0.252901589
19.78378378,3,2,0.372516846,0.255059872,0.256704156
20.10810811,3,2,0.38484595,0.258748676,0.260077218
20.43243243,3,2,0.399997671,0.262835818,0.261844646
20.75675676,3,2,0.413343973,0.266582803,0.264602067
21.08108108,3,2,0.426093046,0.268647506,0.26343418
21.40540541,3,2,0.437698842,0.271315164,0.26861693
21.72972973,3,2,0.451230621,0.27486791,0.271308612
22.05405405,3,2,0.464737475,0.278098541,0.275070598
22.37837838,3,2,0.47288806,0.282679846,0.27491681
22.7027027,3,2,0.484876965,0.285404588,0.27444245
23.02702703,3,2,0.495663452,0.286855526,0.278931671
23.35135135,3,2,0.506464213,0.290412527,0.281499486
23.67567568,3,2,0.513720226,0.293920236,0.285510997
24,3,2,0.520563987,0.297434813,0.285194768
0,4,2,0.015328733,0.013586709,0.012093974
0.324324324,4,2,0.016076232,0.010274192,0.01257763
0.648648649,4,2,0.01167121,0.012815756,0.019306288
0.972972973,4,2,0.015766187,0.022807493,0.027026294
1.297297297,4,2,0.025418303,0.036087576,0.04029578
1.621621622,4,2,0.040105521,0.060809717,0.062015666
1.945945946,4,2,0.065718006,0.080005783,0.082818765
2.27027027,4,2,0.085553953,0.097799274,0.105503228
2.594594595,4,2,0.108705149,0.11493932,0.122492487
2.918918919,4,2,0.120983627,0.124129807,0.133019524
3.243243243,4,2,0.121966788,0.131670894,0.140320799
3.567567568,4,2,0.12627516,0.13407406,0.140921464
3.891891892,4,2,0.125857887,0.134856943,0.145873708
4.216216216,4,2,0.1273389,0.139262908,0.148840766
4.540540541,4,2,0.130177763,0.141498623,0.151793142
4.864864865,4,2,0.133307622,0.144745625,0.154382202
5.189189189,4,2,0.137443514,0.14646772,0.154298519
5.513513514,4,2,0.139056143,0.145952068,0.158737749
5.837837838,4,2,0.139129665,0.152836386,0.162130155
6.162162162,4,2,0.14119781,0.155189483,0.164126419
6.486486486,4,2,0.14278798,0.158721978,0.170480465
6.810810811,4,2,0.147464381,0.158473281,0.171580929
7.135135135,4,2,0.149112631,0.15753174,0.17613871
7.459459459,4,2,0.148905014,0.160943252,0.179380298
7.783783784,4,2,0.150800331,0.161910124,0.181583168
8.108108108,4,2,0.153286131,0.164119784,0.186026741
8.432432432,4,2,0.158363917,0.165529524,0.18709177
8.756756757,4,2,0.159225934,0.164484748,0.190660393
9.081081081,4,2,0.159706277,0.167788645,0.19368712
9.405405405,4,2,0.162139322,0.16922325,0.197265486
9.72972973,4,2,0.165994583,0.171991365,0.202495572
10.05405405,4,2,0.169093491,0.173506155,0.201347505
10.37837838,4,2,0.173147398,0.172162079,0.206187226
10.7027027,4,2,0.174921057,0.176099977,0.20997531
11.02702703,4,2,0.178542807,0.177952417,0.213649678
11.35135135,4,2,0.184026605,0.183170471,0.218451554
11.67567568,4,2,0.191398097,0.182457093,0.220407473
12,4,2,0.194368412,0.181597884,0.22549765
12.32432432,4,2,0.198553114,0.185986249,0.229453895
12.64864865,4,2,0.202198074,0.187646211,0.233164796
12.97297297,4,2,0.207151893,0.193270532,0.237850679
13.2972973,4,2,0.212803027,0.192309361,0.239877068
13.62162162,4,2,0.217934157,0.191916886,0.245239811
13.94594595,4,2,0.220901204,0.19709161,0.249370311
14.27027027,4,2,0.226858871,0.198850904,0.253175052
14.59459459,4,2,0.232463402,0.203197055,0.257634256
14.91891892,4,2,0.239942586,0.205009345,0.2612193
15.24324324,4,2,0.246550455,0.204182156,0.265672463
15.56756757,4,2,0.252822979,0.20956412,0.269950827
15.89189189,4,2,0.261197969,0.211596392,0.273246974
16.21621622,4,2,0.270281156,0.215595729,0.279026573
16.54054054,4,2,0.286313526,0.217864628,0.282672013
16.86486486,4,2,0.301848286,0.21705363,0.28591589
17.18918919,4,2,0.313370272,0.2222121,0.289759101
17.51351351,4,2,0.315617971,0.223970732,0.29207162
17.83783784,4,2,0.324021785,0.22914963,0.298488621
18.16216216,4,2,0.334250734,0.230163595,0.299808611
18.48648649,4,2,0.342334729,0.229198686,0.303736154
18.81081081,4,2,0.353686832,0.23507092,0.306844161
19.13513514,4,2,0.366413502,0.23732932,0.309790346
19.45945946,4,2,0.38015486,0.243182131,0.314073297
19.78378378,4,2,0.395014831,0.24323263,0.315271166
20.10810811,4,2,0.404602724,0.244696266,0.319034237
20.43243243,4,2,0.41656772,0.249353478,0.32227782
20.75675676,4,2,0.432065208,0.251328253,0.324566809
21.08108108,4,2,0.445963414,0.254018971,0.33017823
21.40540541,4,2,0.464794248,0.258198181,0.33069867
21.72972973,4,2,0.475196978,0.257655306,0.332470606
22.05405405,4,2,0.483729017,0.263863653,0.335826479
22.37837838,4,2,0.48620938,0.26625491,0.338031674
22.7027027,4,2,0.496021449,0.272922069,0.34151905
23.02702703,4,2,0.510315609,0.273657875,0.342561887
23.35135135,4,2,0.529482386,0.274354392,0.34599351
23.67567568,4,2,0.544021993,0.280035037,0.348897633
24,4,2,0.560053002,0.281982428,0.350712663
0,5,2,0.007842171,0.010013265,0.007255515
0.324324324,5,2,0.010240015,0.012063876,0.010710692
0.648648649,5,2,0.017305335,0.017456312,0.011914921
0.972972973,5,2,0.02293002,0.025682899,0.014254625
1.297297297,5,2,0.031665163,0.040959704,0.023462063
1.621621622,5,2,0.053088547,0.064123944,0.038211023
1.945945946,5,2,0.079396566,0.086507321,0.060592703
2.27027027,5,2,0.104330414,0.10927934,0.08133522
2.594594595,5,2,0.12746395,0.122833406,0.101550837
2.918918919,5,2,0.131581414,0.130188636,0.118653251
3.243243243,5,2,0.136872184,0.135928752,0.1296931
3.567567568,5,2,0.138745973,0.139330922,0.138072906
3.891891892,5,2,0.141399404,0.143513545,0.139242409
4.216216216,5,2,0.143640722,0.142397063,0.138707985
4.540540541,5,2,0.142685141,0.145071595,0.14324917
4.864864865,5,2,0.148517036,0.146946598,0.145521596
5.189189189,5,2,0.150572949,0.149252137,0.151590987
5.513513514,5,2,0.153593291,0.154079203,0.151357852
5.837837838,5,2,0.154977943,0.15718825,0.150174436
6.162162162,5,2,0.152495033,0.158512259,0.155311888
6.486486486,5,2,0.156516175,0.160083748,0.159428282
6.810810811,5,2,0.157806022,0.161441753,0.165543535
7.135135135,5,2,0.161738387,0.165166908,0.166363353
7.459459459,5,2,0.162061179,0.165054871,0.16649959
7.783783784,5,2,0.158942359,0.166065637,0.169193616
8.108108108,5,2,0.164541652,0.168092177,0.174013829
8.432432432,5,2,0.166736331,0.170022877,0.178237841
8.756756757,5,2,0.169226926,0.173773792,0.179868781
9.081081081,5,2,0.17122018,0.174267989,0.180250397
9.405405405,5,2,0.168586726,0.175129333,0.181595219
9.72972973,5,2,0.174988374,0.17858492,0.187252915
10.05405405,5,2,0.176642533,0.180307395,0.192122657
10.37837838,5,2,0.181063873,0.183194285,0.190447751
10.7027027,5,2,0.18106804,0.184869259,0.19101153
11.02702703,5,2,0.179249569,0.186645382,0.194951166
11.35135135,5,2,0.187065066,0.190278749,0.199842488
11.67567568,5,2,0.189975131,0.192645244,0.20516136
12,5,2,0.192460457,0.198979105,0.205796293
12.32432432,5,2,0.197161105,0.199043594,0.208180335
12.64864865,5,2,0.194427132,0.200864663,0.210858086
12.97297297,5,2,0.202525685,0.204714214,0.216400877
13.2972973,5,2,0.203592919,0.207795927,0.217254087
13.62162162,5,2,0.211525386,0.213190231,0.222584317
13.94594595,5,2,0.21563589,0.216377267,0.22581002
14.27027027,5,2,0.215527675,0.219004985,0.230694437
14.59459459,5,2,0.222747197,0.22300625,0.233954397
14.91891892,5,2,0.227481832,0.227730248,0.237888098
15.24324324,5,2,0.235934008,0.233494148,0.242956049
15.56756757,5,2,0.237475913,0.236797958,0.241399669
15.89189189,5,2,0.240647626,0.239066319,0.247041469
16.21621622,5,2,0.248457092,0.243472373,0.250993808
16.54054054,5,2,0.259415358,0.247928233,0.257764078
16.86486486,5,2,0.271260486,0.254496949,0.261964097
17.18918919,5,2,0.280099556,0.256135284,0.262165155
17.51351351,5,2,0.278247435,0.257942891,0.265278695
17.83783784,5,2,0.29268743,0.263434947,0.272675062
18.16216216,5,2,0.297042569,0.266674031,0.276508771
18.48648649,5,2,0.306027818,0.272287229,0.280240869
18.81081081,5,2,0.314421747,0.277156721,0.281308375
19.13513514,5,2,0.313799614,0.277448766,0.28483457
19.45945946,5,2,0.327292065,0.281865043,0.28931759
19.78378378,5,2,0.339264219,0.285338056,0.297402746
20.10810811,5,2,0.348820635,0.291183286,0.298793708
20.43243243,5,2,0.357936856,0.293920888,0.299240621
20.75675676,5,2,0.362567328,0.29551225,0.302891178
21.08108108,5,2,0.377839293,0.300301777,0.30735854
21.40540541,5,2,0.394933318,0.304820187,0.314273729
21.72972973,5,2,0.401228779,0.312182467,0.315313137
22.05405405,5,2,0.407257247,0.313443607,0.315893743
22.37837838,5,2,0.412458808,0.315716949,0.320922872
22.7027027,5,2,0.426382258,0.320600092,0.325411243
23.02702703,5,2,0.434419392,0.324436729,0.330922292
23.35135135,5,2,0.447875973,0.331040431,0.332482432
23.67567568,5,2,0.458013344,0.333591622,0.334206083
24,5,2,0.464187427,0.33685757,0.338091631
0,6,2,0.019261328,0.007965885,0.007792696
0.324324324,6,2,0.016730778,0.013666399,0.010020942
0.648648649,6,2,0.026000031,0.021347385,0.015988899
0.972972973,6,2,0.033394262,0.033406251,0.023097347
1.297297297,6,2,0.051108499,0.048489227,0.031370666
1.621621622,6,2,0.071432786,0.068225375,0.050965426
1.945945946,6,2,0.091746296,0.091438073,0.075433253
2.27027027,6,2,0.113324265,0.10804854,0.099610588
2.594594595,6,2,0.122441459,0.123084508,0.123395555
2.918918919,6,2,0.12752075,0.127441834,0.133693223
3.243243243,6,2,0.126950958,0.129602414,0.143045422
3.567567568,6,2,0.129451871,0.134162149,0.14754071
3.891891892,6,2,0.132226219,0.136696883,0.151283714
4.216216216,6,2,0.134993833,0.141588328,0.154028403
4.540540541,6,2,0.141339339,0.140595276,0.15531386
4.864864865,6,2,0.142269979,0.139670416,0.158012858
5.189189189,6,2,0.143219066,0.14378112,0.161330187
5.513513514,6,2,0.145573787,0.147475833,0.163720982
5.837837838,6,2,0.147000752,0.154572275,0.166732859
6.162162162,6,2,0.151475824,0.154282326,0.168952091
6.486486486,6,2,0.149989212,0.152285484,0.173971838
6.810810811,6,2,0.151023467,0.155632555,0.176818298
7.135135135,6,2,0.154399321,0.157671589,0.180440406
7.459459459,6,2,0.156412074,0.161092774,0.183634221
7.783783784,6,2,0.159037565,0.160863702,0.183553705
8.108108108,6,2,0.163203016,0.159732684,0.188367821
8.432432432,6,2,0.16504162,0.163668864,0.19125512
8.756756757,6,2,0.168611928,0.166025573,0.194287362
9.081081081,6,2,0.171808819,0.168386126,0.198134907
9.405405405,6,2,0.174328801,0.170266851,0.197353003
9.72972973,6,2,0.178892305,0.170453698,0.202396726
10.05405405,6,2,0.180430191,0.174299358,0.204594942
10.37837838,6,2,0.182277414,0.176699623,0.20665927
10.7027027,6,2,0.1860655,0.182822069,0.20986614
11.02702703,6,2,0.193106279,0.182299036,0.211302425
11.35135135,6,2,0.196963316,0.182500893,0.215727852
11.67567568,6,2,0.200222959,0.187603419,0.218457709
12,6,2,0.204831528,0.191394962,0.221501975
12.32432432,6,2,0.211413683,0.197958054,0.226344609
12.64864865,6,2,0.216879342,0.198321549,0.226667073
12.97297297,6,2,0.221093225,0.198779458,0.231193732
13.2972973,6,2,0.223162237,0.204605274,0.233569512
13.62162162,6,2,0.230361475,0.209834069,0.238099577
13.94594595,6,2,0.237636472,0.214451242,0.245765314
14.27027027,6,2,0.245145829,0.21817468,0.243629428
14.59459459,6,2,0.248955474,0.219190776,0.248382468
14.91891892,6,2,0.253539608,0.227201569,0.252493095
15.24324324,6,2,0.263219488,0.231797151,0.256880108
15.56756757,6,2,0.266819717,0.238115356,0.259989031
15.89189189,6,2,0.274944463,0.239803395,0.261907827
16.21621622,6,2,0.279596566,0.240782018,0.265668981
16.54054054,6,2,0.290801449,0.248185274,0.270027932
16.86486486,6,2,0.303425931,0.253071917,0.275019733
17.18918919,6,2,0.313112141,0.260523582,0.279130274
17.51351351,6,2,0.315788563,0.261678387,0.280050881
17.83783784,6,2,0.328470772,0.263669864,0.285818186
18.16216216,6,2,0.333369957,0.270190448,0.288921148
18.48648649,6,2,0.342799233,0.274877169,0.293018671
18.81081081,6,2,0.352433018,0.278264088,0.298712167
19.13513514,6,2,0.35853272,0.282829209,0.300320388
19.45945946,6,2,0.366781299,0.283274332,0.302436699
19.78378378,6,2,0.377418552,0.29017944,0.306632015
20.10810811,6,2,0.38708312,0.29520383,0.310822079
20.43243243,6,2,0.399093573,0.299096335,0.316985585
20.75675676,6,2,0.407892809,0.302730939,0.316551885
21.08108108,6,2,0.417630142,0.304923614,0.319743617
21.40540541,6,2,0.432295718,0.311424432,0.324320924
21.72972973,6,2,0.438490842,0.315153771,0.327171575
22.05405405,6,2,0.445284412,0.320647377,0.332459587
22.37837838,6,2,0.45477155,0.323965163,0.333851029
22.7027027,6,2,0.470121354,0.325321329,0.336602376
23.02702703,6,2,0.478973792,0.331450901,0.339552565
23.35135135,6,2,0.488902093,0.336513927,0.343478753
23.67567568,6,2,0.499074375,0.341836226,0.348145525
24,6,2,0.509918451,0.343927743,0.349022549
0,1,3,0.016095372,0.019467308,0.008544795
0.324324324,1,3,0.015510163,0.014441126,0.013298449
0.648648649,1,3,0.025146918,0.022224005,0.017292416
0.972972973,1,3,0.036231531,0.03233065,0.024805969
1.297297297,1,3,0.050318048,0.053195844,0.033660909
1.621621622,1,3,0.079028985,0.073458124,0.047104648
1.945945946,1,3,0.107813227,0.09331419,0.072767212
2.27027027,1,3,0.135901864,0.110187684,0.094830153
2.594594595,1,3,0.157308079,0.123816994,0.114145273
2.918918919,1,3,0.161327259,0.132999986,0.12692923
3.243243243,1,3,0.165891912,0.137212501,0.12838658
3.567567568,1,3,0.163098781,0.137887973,0.135069879
3.891891892,1,3,0.166396716,0.140161273,0.137413182
4.216216216,1,3,0.1672191,0.143883515,0.140643845
4.540540541,1,3,0.167403234,0.147449211,0.142005828
4.864864865,1,3,0.169742218,0.147906554,0.140040186
5.189189189,1,3,0.168049119,0.149316654,0.144069705
5.513513514,1,3,0.172040374,0.152470886,0.146194377
5.837837838,1,3,0.173447759,0.155701625,0.151150872
6.162162162,1,3,0.174309141,0.160172361,0.151258196
6.486486486,1,3,0.177460024,0.162739325,0.148400976
6.810810811,1,3,0.174740405,0.164377186,0.151456045
7.135135135,1,3,0.179707981,0.168376328,0.153168446
7.459459459,1,3,0.182085765,0.171259885,0.154379327
7.783783784,1,3,0.184691325,0.17672505,0.154985803
8.108108108,1,3,0.186835185,0.177006686,0.151788773
8.432432432,1,3,0.187614166,0.178806927,0.155064114
8.756756757,1,3,0.192194392,0.182909332,0.156529801
9.081081081,1,3,0.195982259,0.186221054,0.159796885
9.405405405,1,3,0.202106363,0.191761733,0.158314447
9.72972973,1,3,0.204917552,0.19399231,0.156067203
10.05405405,1,3,0.205056957,0.195766133,0.158936937
10.37837838,1,3,0.214584587,0.19922122,0.160158621
10.7027027,1,3,0.219844273,0.202736534,0.160179874
11.02702703,1,3,0.224425355,0.208646318,0.162433356
11.35135135,1,3,0.231712832,0.21043399,0.16025676
11.67567568,1,3,0.234291971,0.212682816,0.163666518
12,1,3,0.246564831,0.217849905,0.165849669
12.32432432,1,3,0.252320731,0.22139558,0.166850867
12.64864865,1,3,0.263119469,0.227313371,0.168165852
12.97297297,1,3,0.270802672,0.22799267,0.16566726
13.2972973,1,3,0.279679328,0.231782777,0.16999364
13.62162162,1,3,0.293426301,0.236183593,0.172383546
13.94594595,1,3,0.304890171,0.239826103,0.174270825
14.27027027,1,3,0.320074367,0.245575289,0.175170208
14.59459459,1,3,0.340800548,0.247906312,0.173196645
14.91891892,1,3,0.363861363,0.251983628,0.177938127
15.24324324,1,3,0.392249412,0.256454151,0.18077415
15.56756757,1,3,0.426147766,0.262494313,0.183504847
15.89189189,1,3,0.449609017,0.267163738,0.185110209
16.21621622,1,3,0.456710832,0.269220776,0.184062342
16.54054054,1,3,0.460456832,0.271463799,0.187667594
16.86486486,1,3,0.46393201,0.275984385,0.190657804
17.18918919,1,3,0.469178441,0.280406094,0.192730653
17.51351351,1,3,0.477667254,0.287471158,0.194343049
17.83783784,1,3,0.482847347,0.288020218,0.193100479
18.16216216,1,3,0.487154365,0.290217614,0.19813523
18.48648649,1,3,0.493532939,0.295445242,0.200635623
18.81081081,1,3,0.499595963,0.298639371,0.206248869
19.13513514,1,3,0.506786668,0.305522919,0.206049834
19.45945946,1,3,0.514603716,0.30687325,0.206972612
19.78378378,1,3,0.514344773,0.30787736,0.209074984
20.10810811,1,3,0.521337619,0.312387212,0.212069533
20.43243243,1,3,0.527675449,0.316400919,0.214592619
20.75675676,1,3,0.533401847,0.322340981,0.216262128
21.08108108,1,3,0.540337753,0.324481654,0.216188965
21.40540541,1,3,0.541934683,0.325449305,0.21913319
21.72972973,1,3,0.548872738,0.3300547,0.221688529
22.05405405,1,3,0.555582994,0.335094532,0.223013359
22.37837838,1,3,0.559113513,0.34036635,0.225108816
22.7027027,1,3,0.564469434,0.340933672,0.223637543
23.02702703,1,3,0.568238878,0.343918439,0.228563621
23.35135135,1,3,0.572941794,0.3475923,0.231314681
23.67567568,1,3,0.578234595,0.351657753,0.232511105
24,1,3,0.582912224,0.357453223,0.235718666
0,2,3,0.015925723,0.018280828,0.019614987
0.324324324,2,3,0.018193644,0.019484808,0.017614586
0.648648649,2,3,0.020137727,0.024216021,0.019449762
0.972972973,2,3,0.028945188,0.042533065,0.025482717
1.297297297,2,3,0.041766392,0.064529081,0.035041158
1.621621622,2,3,0.063791532,0.09316606,0.054908293
1.945945946,2,3,0.098323283,0.117213799,0.076791932
2.27027027,2,3,0.120934746,0.131386582,0.095235873
2.594594595,2,3,0.144259733,0.148307147,0.114184305
2.918918919,2,3,0.148604875,0.153439702,0.126914343
3.243243243,2,3,0.152032899,0.158924078,0.134340732
3.567567568,2,3,0.155173954,0.16172554,0.134366868
3.891891892,2,3,0.153276521,0.159354701,0.136295377
4.216216216,2,3,0.153318564,0.164953174,0.139209813
4.540540541,2,3,0.154686363,0.16736192,0.140316242
4.864864865,2,3,0.155977001,0.170556462,0.143376909
5.189189189,2,3,0.159550479,0.171791461,0.142954662
5.513513514,2,3,0.159942567,0.171168578,0.144003885
5.837837838,2,3,0.158349818,0.175557671,0.147084118
6.162162162,2,3,0.159869108,0.177851949,0.149074074
6.486486486,2,3,0.161016706,0.181584835,0.1517826
6.810810811,2,3,0.165083314,0.184550113,0.152389362
7.135135135,2,3,0.163861375,0.185170002,0.152343305
7.459459459,2,3,0.16395304,0.189561339,0.154866095
7.783783784,2,3,0.165827132,0.192341044,0.15413112
8.108108108,2,3,0.166829917,0.196492297,0.156382631
8.432432432,2,3,0.172701472,0.198204504,0.156146589
8.756756757,2,3,0.173330492,0.198841369,0.157141986
9.081081081,2,3,0.173746186,0.202733949,0.159200727
9.405405405,2,3,0.176107809,0.205532409,0.158621386
9.72972973,2,3,0.178252165,0.209278891,0.164655331
10.05405405,2,3,0.18248622,0.212013797,0.162528926
10.37837838,2,3,0.183588108,0.212342866,0.161571932
10.7027027,2,3,0.185166509,0.217419817,0.16354458
11.02702703,2,3,0.188348957,0.220595726,0.164009091
11.35135135,2,3,0.192652556,0.224744408,0.168544071
11.67567568,2,3,0.200707736,0.227911381,0.168604297
12,2,3,0.203556846,0.228496066,0.168347639
12.32432432,2,3,0.205343906,0.234428893,0.169071692
12.64864865,2,3,0.211433377,0.237624339,0.169741592
12.97297297,2,3,0.216964178,0.242803687,0.174871712
13.2972973,2,3,0.223393107,0.24540858,0.175226179
13.62162162,2,3,0.227881621,0.246714102,0.176542943
13.94594595,2,3,0.234739266,0.252983254,0.17879469
14.27027027,2,3,0.244392711,0.256608098,0.179532392
14.59459459,2,3,0.251805028,0.261647984,0.182827416
14.91891892,2,3,0.265014999,0.265840104,0.185223062
15.24324324,2,3,0.270505855,0.266899334,0.185608096
15.56756757,2,3,0.281238913,0.27348473,0.187014467
15.89189189,2,3,0.288649066,0.276067462,0.188448213
16.21621622,2,3,0.29723272,0.280287034,0.194614614
16.54054054,2,3,0.301599964,0.285390187,0.195131707
16.86486486,2,3,0.300525547,0.286544768,0.197051321
17.18918919,2,3,0.301551455,0.292903685,0.199931835
17.51351351,2,3,0.310044395,0.295719384,0.20146142
17.83783784,2,3,0.318869877,0.302037543,0.208598749
18.16216216,2,3,0.330333437,0.303823657,0.210714121
18.48648649,2,3,0.342643864,0.305346176,0.214648633
18.81081081,2,3,0.347327131,0.310872379,0.218940455
19.13513514,2,3,0.357001852,0.31434823,0.221782791
19.45945946,2,3,0.365005649,0.318564271,0.226332457
19.78378378,2,3,0.376322936,0.321306724,0.227800468
20.10810811,2,3,0.38526137,0.322628317,0.230369721
20.43243243,2,3,0.395904987,0.328642756,0.234047093
20.75675676,2,3,0.41335922,0.331034557,0.236770725
21.08108108,2,3,0.424292417,0.334316031,0.242556209
21.40540541,2,3,0.443787064,0.338056085,0.244425999
21.72972973,2,3,0.455869588,0.338854949,0.246449156
22.05405405,2,3,0.466797537,0.345012107,0.250796237
22.37837838,2,3,0.479664453,0.347168595,0.252955118
22.7027027,2,3,0.493068457,0.350908924,0.260220029
23.02702703,2,3,0.503890812,0.355146865,0.261809309
23.35135135,2,3,0.504507584,0.355117338,0.265855712
23.67567568,2,3,0.515816975,0.361090953,0.270348767
24,2,3,0.529561142,0.36372509,0.273237465
0,3,3,0.018289732,0.015816747,0.010693837
0.324324324,3,3,0.015634988,0.019981379,0.014447216
0.648648649,3,3,0.022125675,0.028489928,0.012523115
0.972972973,3,3,0.029843815,0.042435843,0.01315132
1.297297297,3,3,0.038822269,0.061836151,0.022599805
1.621621622,3,3,0.061058612,0.087386516,0.035157511
1.945945946,3,3,0.091006768,0.107346113,0.057228763
2.27027027,3,3,0.114594793,0.126542546,0.077033808
2.594594595,3,3,0.138160716,0.137864006,0.096787515
2.918918919,3,3,0.138934381,0.143995393,0.114215042
3.243243243,3,3,0.142911962,0.147529674,0.123944386
3.567567568,3,3,0.144432549,0.149376342,0.127739594
3.891891892,3,3,0.145586888,0.153963928,0.131811131
4.216216216,3,3,0.147670224,0.155324547,0.130127834
4.540540541,3,3,0.145784063,0.154851553,0.134261591
4.864864865,3,3,0.150557888,0.15744148,0.135862117
5.189189189,3,3,0.152167698,0.159315558,0.139659059
5.513513514,3,3,0.154011217,0.165176622,0.140286
5.837837838,3,3,0.155889512,0.165576407,0.139366316
6.162162162,3,3,0.153095249,0.16624591,0.145035938
6.486486486,3,3,0.156776866,0.170035372,0.145915546
6.810810811,3,3,0.157819188,0.173180689,0.148404794
7.135135135,3,3,0.160591454,0.178609193,0.148483524
7.459459459,3,3,0.161690429,0.179961166,0.145333292
7.783783784,3,3,0.160659262,0.181936808,0.148867644
8.108108108,3,3,0.163333456,0.184307407,0.149507172
8.432432432,3,3,0.165963359,0.18713704,0.152847721
8.756756757,3,3,0.169094791,0.191992053,0.152097839
9.081081081,3,3,0.170988629,0.193543247,0.149484149
9.405405405,3,3,0.170595912,0.195823477,0.152761277
9.72972973,3,3,0.173595828,0.199264066,0.1542541
10.05405405,3,3,0.1765797,0.201826885,0.157970903
10.37837838,3,3,0.181159085,0.206616144,0.156249435
10.7027027,3,3,0.181885043,0.209401148,0.153117364
11.02702703,3,3,0.181021523,0.211466246,0.157503309
11.35135135,3,3,0.187240916,0.215807276,0.159034396
11.67567568,3,3,0.190883992,0.21837765,0.159736852
12,3,3,0.19518327,0.225326497,0.162378942
12.32432432,3,3,0.201051552,0.226399623,0.159469339
12.64864865,3,3,0.202849626,0.22920706,0.163305933
12.97297297,3,3,0.207629471,0.233098909,0.165333156
13.2972973,3,3,0.211292165,0.237646717,0.167401786
13.62162162,3,3,0.21740796,0.243417973,0.168949322
13.94594595,3,3,0.226498533,0.246610725,0.166446777
14.27027027,3,3,0.230112659,0.248955515,0.170117849
14.59459459,3,3,0.240491125,0.254292519,0.172048756
14.91891892,3,3,0.251372123,0.258730861,0.174891171
15.24324324,3,3,0.260907763,0.263755268,0.176558211
15.56756757,3,3,0.269699068,0.267852439,0.174209328
15.89189189,3,3,0.273816984,0.269570992,0.178270409
16.21621622,3,3,0.286993016,0.274847979,0.18013439
16.54054054,3,3,0.29191182,0.278820847,0.182554352
16.86486486,3,3,0.292976482,0.286453789,0.185141786
17.18918919,3,3,0.295150758,0.287717123,0.182774191
17.51351351,3,3,0.298611132,0.290293001,0.187000095
17.83783784,3,3,0.310252702,0.295018718,0.189877918
18.16216216,3,3,0.321102405,0.298402572,0.193614627
18.48648649,3,3,0.333436063,0.304822462,0.194824957
18.81081081,3,3,0.346226379,0.307506972,0.194600446
19.13513514,3,3,0.354674916,0.310256414,0.197841947
19.45945946,3,3,0.369386549,0.315416936,0.200159371
19.78378378,3,3,0.37676833,0.318116437,0.203520055
20.10810811,3,3,0.391548875,0.324374521,0.205202895
20.43243243,3,3,0.407988189,0.327321784,0.205467049
20.75675676,3,3,0.425696936,0.328266779,0.207273378
21.08108108,3,3,0.436365096,0.33256115,0.210161605
21.40540541,3,3,0.450081602,0.335791271,0.21287326
21.72972973,3,3,0.457757514,0.34264765,0.21528667
22.05405405,3,3,0.468356696,0.343842238,0.214308022
22.37837838,3,3,0.478442031,0.344314018,0.218163636
22.7027027,3,3,0.492818193,0.34850223,0.220492625
23.02702703,3,3,0.502405409,0.352271578,0.223853263
23.35135135,3,3,0.517976934,0.359465742,0.226561229
23.67567568,3,3,0.529909605,0.359914751,0.225562564
24,3,3,0.529587725,0.361611848,0.231178557
0,4,3,0.027476962,0.005958068,0.019167982
0.324324324,4,3,0.017516447,0.013804883,0.020207592
0.648648649,4,3,0.021220435,0.020682856,0.025304109
0.972972973,4,3,0.029272699,0.033122124,0.037385172
1.297297297,4,3,0.044038473,0.048743643,0.044651638
1.621621622,4,3,0.057808665,0.066676605,0.061896579
1.945945946,4,3,0.080534044,0.091267112,0.079706563
2.27027027,4,3,0.101839772,0.109243214,0.095248888
2.594594595,4,3,0.121651718,0.125466789,0.108887013
2.918918919,4,3,0.128589279,0.131689417,0.115699082
3.243243243,4,3,0.1274535,0.13117052,0.118239899
3.567567568,4,3,0.127927273,0.136295069,0.121509159
3.891891892,4,3,0.130403319,0.138960833,0.12358379
4.216216216,4,3,0.13330037,0.139766279,0.127375676
4.540540541,4,3,0.139919221,0.143570112,0.126058593
4.864864865,4,3,0.139706477,0.142073225,0.127562412
5.189189189,4,3,0.140814468,0.147589077,0.129496795
5.513513514,4,3,0.14340459,0.150067677,0.131784647
5.837837838,4,3,0.145785058,0.152841956,0.137372761
6.162162162,4,3,0.149942713,0.156757201,0.139358047
6.486486486,4,3,0.149486211,0.156564926,0.139571867
6.810810811,4,3,0.149991466,0.161825039,0.141298072
7.135135135,4,3,0.153292027,0.166238869,0.143163512
7.459459459,4,3,0.155401985,0.168881888,0.147683641
7.783783784,4,3,0.159811295,0.171701258,0.146839012
8.108108108,4,3,0.160077527,0.171196574,0.146189009
8.432432432,4,3,0.16157894,0.176293595,0.147694596
8.756756757,4,3,0.165707785,0.179774878,0.149749723
9.081081081,4,3,0.168744432,0.184020707,0.152728941
9.405405405,4,3,0.173708159,0.186107057,0.152148412
9.72972973,4,3,0.176394218,0.186253371,0.154314633
10.05405405,4,3,0.177371658,0.19157358,0.155861771
10.37837838,4,3,0.180914153,0.195066767,0.156721747
10.7027027,4,3,0.185006349,0.199649168,0.16096984
11.02702703,4,3,0.192374586,0.202521609,0.162963041
11.35135135,4,3,0.195715293,0.202573214,0.164627204
11.67567568,4,3,0.200927985,0.208379022,0.166634159
12,4,3,0.20772385,0.212866073,0.170216098
12.32432432,4,3,0.210886743,0.21927099,0.173381138
12.64864865,4,3,0.216602508,0.220780181,0.175072598
12.97297297,4,3,0.220896333,0.220745189,0.17722281
13.2972973,4,3,0.222665899,0.227125895,0.179920065
13.62162162,4,3,0.229519616,0.232031159,0.18409202
13.94594595,4,3,0.239622979,0.237725698,0.188620363
14.27027027,4,3,0.251096908,0.240414305,0.190358997
14.59459459,4,3,0.256478904,0.241037851,0.192419739
14.91891892,4,3,0.268338203,0.248391144,0.196559549
15.24324324,4,3,0.278583709,0.253358774,0.200499453
15.56756757,4,3,0.288640995,0.257495753,0.20591864
15.89189189,4,3,0.299116703,0.261694986,0.207242473
16.21621622,4,3,0.302639522,0.2623554,0.210006856
16.54054054,4,3,0.306323673,0.269190808,0.214378115
16.86486486,4,3,0.314893162,0.274084234,0.21854333
17.18918919,4,3,0.321346648,0.279145189,0.223861444
17.51351351,4,3,0.328434729,0.281714088,0.225363936
17.83783784,4,3,0.339401996,0.284755952,0.228605192
18.16216216,4,3,0.350987402,0.28915415,0.231613602
18.48648649,4,3,0.364124598,0.294072037,0.235546504
18.81081081,4,3,0.374839983,0.299866834,0.240634101
19.13513514,4,3,0.38867165,0.301983409,0.242492857
19.45945946,4,3,0.398467694,0.303534365,0.245502815
19.78378378,4,3,0.406536276,0.308802392,0.248632445
20.10810811,4,3,0.420581562,0.313165852,0.252597317
20.43243243,4,3,0.434813613,0.317637495,0.259571125
20.75675676,4,3,0.448933308,0.320802256,0.259193151
21.08108108,4,3,0.458897865,0.323226596,0.261742459
21.40540541,4,3,0.471457319,0.327685708,0.265570144
21.72972973,4,3,0.485985801,0.331757329,0.269462046
22.05405405,4,3,0.497815413,0.336136303,0.277179537
22.37837838,4,3,0.508419318,0.340028374,0.276666404
22.7027027,4,3,0.519042643,0.342699377,0.279756278
23.02702703,4,3,0.522726862,0.3472288,0.283577378
23.35135135,4,3,0.531186394,0.351706996,0.287631023
23.67567568,4,3,0.53862572,0.355674008,0.294224976
24,4,3,0.5493154,0.359384569,0.294882652
0,5,3,0.016540589,0.009663306,0.009880234
0.324324324,5,3,0.01504239,0.011503009,0.008601325
0.648648649,5,3,0.012704058,0.015911625,0.013702953
0.972972973,5,3,0.023786611,0.023896995,0.017820212
1.297297297,5,3,0.036522493,0.037994629,0.028419178
1.621621622,5,3,0.054860834,0.063172063,0.040088319
1.945945946,5,3,0.082788719,0.082020862,0.056146925
2.27027027,5,3,0.104051401,0.101874461,0.078181228
2.594594595,5,3,0.131497517,0.11723449,0.097945051
2.918918919,5,3,0.139373036,0.126842542,0.110933623
3.243243243,5,3,0.14170813,0.133068094,0.116954508
3.567567568,5,3,0.144053667,0.133385094,0.11795924
3.891891892,5,3,0.142078216,0.132477767,0.122774675
4.216216216,5,3,0.146342718,0.134808511,0.125137999
4.540540541,5,3,0.148849093,0.136859034,0.129008173
4.864864865,5,3,0.151474917,0.141481686,0.129387165
5.189189189,5,3,0.153806507,0.140506359,0.127745266
5.513513514,5,3,0.151795867,0.14197472,0.134456925
5.837837838,5,3,0.155722185,0.144505356,0.139489642
6.162162162,5,3,0.157000118,0.147650391,0.141180622
6.486486486,5,3,0.159705837,0.152817766,0.141522765
6.810810811,5,3,0.160222991,0.154595157,0.138659825
7.135135135,5,3,0.158569946,0.156675797,0.142715245
7.459459459,5,3,0.161945463,0.159790447,0.143463401
7.783783784,5,3,0.162886782,0.161994592,0.145787089
8.108108108,5,3,0.164827265,0.168703956,0.146188094
8.432432432,5,3,0.167169452,0.168148685,0.143439874
8.756756757,5,3,0.166838331,0.170253539,0.147901635
9.081081081,5,3,0.169641492,0.173449964,0.149107302
9.405405405,5,3,0.17043619,0.17605192,0.151027068
9.72972973,5,3,0.174978606,0.182012922,0.152972797
10.05405405,5,3,0.176186224,0.183025913,0.150275593
10.37837838,5,3,0.174198402,0.184959801,0.154737559
10.7027027,5,3,0.178793902,0.188468923,0.156555049
11.02702703,5,3,0.181264617,0.19188205,0.158218975
11.35135135,5,3,0.184880431,0.198296376,0.161888157
11.67567568,5,3,0.189580126,0.199565689,0.159497797
12,5,3,0.189357602,0.202824031,0.165386
12.32432432,5,3,0.195454754,0.207232799,0.16826823
12.64864865,5,3,0.196849716,0.21065941,0.170375235
12.97297297,5,3,0.202421446,0.21640303,0.173660434
13.2972973,5,3,0.204917728,0.219371036,0.172090183
13.62162162,5,3,0.206013151,0.223096082,0.17869928
13.94594595,5,3,0.215600465,0.227679022,0.182067469
14.27027027,5,3,0.220467014,0.231794492,0.18648406
14.59459459,5,3,0.226890842,0.23785036,0.188522202
14.91891892,5,3,0.235560947,0.241575644,0.188222619
15.24324324,5,3,0.239376406,0.244692711,0.194761558
15.56756757,5,3,0.242983725,0.24958843,0.198025933
15.89189189,5,3,0.248417866,0.253424107,0.200925374
16.21621622,5,3,0.254286119,0.260725928,0.205331004
16.54054054,5,3,0.261342658,0.262316703,0.206606161
16.86486486,5,3,0.263923387,0.265926504,0.212681039
17.18918919,5,3,0.269411178,0.270477149,0.216262345
17.51351351,5,3,0.270588673,0.273972351,0.219746087
17.83783784,5,3,0.283051482,0.282358796,0.224592821
18.16216216,5,3,0.290441093,0.28304468,0.22487586
18.48648649,5,3,0.295237565,0.286208116,0.231030232
18.81081081,5,3,0.305470068,0.291020754,0.23462202
19.13513514,5,3,0.309488803,0.294461192,0.239832967
19.45945946,5,3,0.317806882,0.301093345,0.241050211
19.78378378,5,3,0.332229751,0.30248108,0.241491248
20.10810811,5,3,0.341073213,0.305124882,0.246667894
20.43243243,5,3,0.352300486,0.310303648,0.250445471
20.75675676,5,3,0.360333419,0.312741639,0.252492922
21.08108108,5,3,0.372743079,0.318504879,0.256836332
21.40540541,5,3,0.390660312,0.321395575,0.257928192
21.72972973,5,3,0.396531038,0.323833321,0.262726176
22.05405405,5,3,0.407599125,0.328847136,0.266546451
22.37837838,5,3,0.41816385,0.331690029,0.270798558
22.7027027,5,3,0.429173615,0.33964661,0.273856018
23.02702703,5,3,0.434921187,0.339744149,0.273188961
23.35135135,5,3,0.442461302,0.343372126,0.280199531
23.67567568,5,3,0.457471655,0.347861637,0.283704359
24,5,3,0.47134829,0.351067925,0.287070265
0,6,3,0.0129936,0.002769635,0.014496904
0.324324324,6,3,0.012267823,0.004437545,0.013440191
0.648648649,6,3,0.019293992,0.00795932,0.014792026
0.972972973,6,3,0.025105462,0.010415626,0.019644106
1.297297297,6,3,0.035691414,0.025324058,0.028937998
1.621621622,6,3,0.054672532,0.044357885,0.042474334
1.945945946,6,3,0.082361174,0.06664644,0.063576495
2.27027027,6,3,0.110345998,0.086906041,0.082233479
2.594594595,6,3,0.130651489,0.100123165,0.099988458
2.918918919,6,3,0.1352044,0.113217743,0.111437821
3.243243243,6,3,0.137756666,0.116300856,0.117454168
3.567567568,6,3,0.139176059,0.117190934,0.123167499
3.891891892,6,3,0.14384447,0.120196971,0.123763509
4.216216216,6,3,0.14306747,0.117691036,0.12505002
4.540540541,6,3,0.145166523,0.122071599,0.126862153
4.864864865,6,3,0.148061851,0.124257552,0.128800335
5.189189189,6,3,0.149755621,0.125176049,0.133594189
5.513513514,6,3,0.153679822,0.128652345,0.136140962
5.837837838,6,3,0.153319431,0.128813628,0.139682353
6.162162162,6,3,0.153070146,0.134318484,0.14051263
6.486486486,6,3,0.154668634,0.138164072,0.141249347
6.810810811,6,3,0.156176542,0.140573508,0.144065407
7.135135135,6,3,0.160540424,0.144790774,0.144032324
7.459459459,6,3,0.159813096,0.143989945,0.14362157
7.783783784,6,3,0.159338401,0.149272113,0.144649233
8.108108108,6,3,0.162010875,0.152269372,0.146045315
8.432432432,6,3,0.164090348,0.155661621,0.149245372
8.756756757,6,3,0.168401024,0.159639963,0.148914901
9.081081081,6,3,0.168824417,0.158542321,0.149246393
9.405405405,6,3,0.168530834,0.164354501,0.150418492
9.72972973,6,3,0.172614564,0.168548863,0.15281406
10.05405405,6,3,0.173994784,0.171640578,0.156885035
10.37837838,6,3,0.177821276,0.17552994,0.155780443
10.7027027,6,3,0.178555211,0.176406982,0.156503498
11.02702703,6,3,0.179484753,0.181944015,0.158259448
11.35135135,6,3,0.184558676,0.186823013,0.161356617
11.67567568,6,3,0.188216579,0.192117442,0.164182794
12,6,3,0.194710732,0.195565154,0.166220961
12.32432432,6,3,0.195884304,0.195755087,0.167428785
12.64864865,6,3,0.196451694,0.202431478,0.169429464
12.97297297,6,3,0.202148459,0.207532437,0.172762949
13.2972973,6,3,0.204022908,0.211837474,0.17709824
13.62162162,6,3,0.211755081,0.217971921,0.179552772
13.94594595,6,3,0.217231958,0.219205018,0.18178138
14.27027027,6,3,0.220274618,0.226006821,0.184610031
14.59459459,6,3,0.226648206,0.231024283,0.188392952
14.91891892,6,3,0.233720704,0.236972211,0.194594547
15.24324324,6,3,0.24330603,0.243252256,0.197033844
15.56756757,6,3,0.244851371,0.243944044,0.199190345
15.89189189,6,3,0.249226752,0.250459804,0.203001734
16.21621622,6,3,0.256676433,0.255217589,0.207262355
16.54054054,6,3,0.264020251,0.260823661,0.214845516
16.86486486,6,3,0.274157919,0.266682778,0.217046092
17.18918919,6,3,0.276976746,0.267677876,0.219974226
17.51351351,6,3,0.277483015,0.273953903,0.223433966
17.83783784,6,3,0.290480795,0.279963596,0.22914963
18.16216216,6,3,0.297809726,0.285747991,0.233235271
18.48648649,6,3,0.309978833,0.28956822,0.236638155
18.81081081,6,3,0.316423979,0.292588169,0.239006257
19.13513514,6,3,0.319221723,0.296936871,0.241831492
19.45945946,6,3,0.332099449,0.301721298,0.245742127
19.78378378,6,3,0.343628014,0.305620315,0.252292601
20.10810811,6,3,0.358159456,0.31112556,0.253276904
20.43243243,6,3,0.367368191,0.314848342,0.255864642
20.75675676,6,3,0.373399234,0.318810846,0.258588917
21.08108108,6,3,0.387287415,0.323662907,0.262693989
21.40540541,6,3,0.402377539,0.328144671,0.266874501
21.72972973,6,3,0.413196146,0.333258256,0.270422109
22.05405405,6,3,0.423461058,0.335110063,0.273755701
22.37837838,6,3,0.433677792,0.340954137,0.276899061
22.7027027,6,3,0.448763306,0.345856404,0.280970987
23.02702703,6,3,0.455999312,0.350066392,0.287669113
23.35135135,6,3,0.471581121,0.355735032,0.290003338
23.67567568,6,3,0.479538304,0.356333901,0.292270383
24,6,3,0.489026367,0.362569904,0.295515411
